{
  "train_losses": [
    2.816309568619823,
    2.5243346476336104,
    2.4341547001620203,
    2.3913565532102976,
    2.3554321071955866
  ],
  "val_losses": [
    2.5727294053671494,
    2.4337025520936497,
    2.369400388789627,
    2.334705595700246,
    2.301781251745404
  ],
  "learning_rates": [
    0.0001,
    0.0001,
    8e-05,
    8e-05,
    6.400000000000001e-05
  ],
  "timestamp": "20251107_235700"
}