{
  "train_losses": [
    2.8387052814636213,
    2.561401408461754,
    2.4830899196421234,
    2.4446400010199416,
    2.4137817596531805
  ],
  "val_losses": [
    2.590566743094966,
    2.474585661348307,
    2.407356264456263,
    2.373929059730386,
    2.337740144639645
  ],
  "learning_rates": [
    0.0001,
    0.0001,
    8e-05,
    8e-05,
    6.400000000000001e-05
  ],
  "timestamp": "20251108_013804"
}