{
  "full": {
    "description": "完整模型",
    "best_val_loss": 2.301781251745404,
    "model_params": 3014129,
    "train_losses": [
      2.816309568619823,
      2.5243346476336104,
      2.4341547001620203,
      2.3913565532102976,
      2.3554321071955866
    ],
    "val_losses": [
      2.5727294053671494,
      2.4337025520936497,
      2.369400388789627,
      2.334705595700246,
      2.301781251745404
    ]
  },
  "no_positional": {
    "description": "无位置编码",
    "best_val_loss": 2.3684799491234547,
    "model_params": 3014129,
    "train_losses": [
      2.8197281330634243,
      2.5330149401869666,
      2.4518108226869417,
      2.4110119424840835,
      2.379207527644539
    ],
    "val_losses": [
      2.576551135980858,
      2.47138807908544,
      2.411497134082722,
      2.383644052271573,
      2.3684799491234547
    ]
  },
  "single_head": {
    "description": "单头注意力",
    "best_val_loss": 2.337740144639645,
    "model_params": 3014129,
    "train_losses": [
      2.8387052814636213,
      2.561401408461754,
      2.4830899196421234,
      2.4446400010199416,
      2.4137817596531805
    ],
    "val_losses": [
      2.590566743094966,
      2.474585661348307,
      2.407356264456263,
      2.373929059730386,
      2.337740144639645
    ]
  },
  "no_residual": {
    "description": "无残差连接",
    "best_val_loss": 2.7328613119305305,
    "model_params": 3014129,
    "train_losses": [
      3.3380976365447768,
      3.020600800712168,
      2.8974278221226344,
      2.830378585601322,
      2.7796228451543223
    ],
    "val_losses": [
      3.10663514767053,
      2.951363388097511,
      2.8437935406307004,
      2.7910296062253557,
      2.7328613119305305
    ]
  }
}