{
  "train_losses": [
    2.8197281330634243,
    2.5330149401869666,
    2.4518108226869417,
    2.4110119424840835,
    2.379207527644539
  ],
  "val_losses": [
    2.576551135980858,
    2.47138807908544,
    2.411497134082722,
    2.383644052271573,
    2.3684799491234547
  ],
  "learning_rates": [
    0.0001,
    0.0001,
    8e-05,
    8e-05,
    6.400000000000001e-05
  ],
  "timestamp": "20251108_003920"
}