{
  "train_losses": [
    3.3380976365447768,
    3.020600800712168,
    2.8974278221226344,
    2.830378585601322,
    2.7796228451543223
  ],
  "val_losses": [
    3.10663514767053,
    2.951363388097511,
    2.8437935406307004,
    2.7910296062253557,
    2.7328613119305305
  ],
  "learning_rates": [
    0.0001,
    0.0001,
    8e-05,
    8e-05,
    6.400000000000001e-05
  ],
  "timestamp": "20251108_033841"
}